2020-11-20T03:17:08.013+03:00[Europe/Moscow];info;
2020-11-20T03:14:23.745+03:00[Europe/Moscow];clear;
2020-11-20T03:14:19.338+03:00[Europe/Moscow];info;
2020-11-20T03:13:43.459+03:00[Europe/Moscow];show;
2020-11-20T03:13:18.135+03:00[Europe/Moscow];show;
2020-11-20T03:13:09.873+03:00[Europe/Moscow];add;
2020-11-20T03:12:29.181+03:00[Europe/Moscow];add;
2020-11-20T03:11:33.281+03:00[Europe/Moscow];show;
2020-11-20T03:11:27.826+03:00[Europe/Moscow];info;
2020-11-20T03:08:55.499+03:00[Europe/Moscow];show;
2020-11-20T02:26:02.126+03:00[Europe/Moscow];info;
2020-11-20T02:25:54.561+03:00[Europe/Moscow];info;
